{"recs":[["HESS CULVERT",17.718472,-64.747194,"CASTLE COAKLEY GUT","ROUTE 68","ROAD 68","1990"],["SPRING GUT",17.741028,-64.692333,"SPRING GUT CREEK","ROUTE 85","ROUTE 85","1904"],["STT003",18.3208,-64.878006,"TURPENTINE RUN","ROUTE 30",".01 MILES FROM HWY 32","1994"],["STT005",18.331653,-64.884811,"TURPENTINE RUN","ROUTE 32",".5 MILES FROM RAPHUNE HIL","1985"],["STT007",18.328833,-64.882917,"TURPENTINE RUN","MARIENDAHL ROAD","HWY 30","1985"],["STX0001",17.704622,-64.787517,"UNNAMED GUT","UNNAMED ROAD","0.1 MILES FROM HWY 64","1980"],["STX6405",17.707456,-64.787228,"UNNAMED CREEK","ROUTE 64",".05 MILES FROM HWY 66","1970"],["STX6410",17.701969,-64.785753,"UNNAMED GUT","ROUTE 64","EAST AIRPORT RD.","1990"],["STX65205",17.732553,-64.789628,"UNNAMED GUT","ROUTE 652","1 MILE FROM CENTERLINE RO","1998"],["STX6610",17.692725,-64.840847,"CARLTON GUT","ROUTE 66","MELVIN H. EVAN HIGHWAY","1985"],["STX6611",17.692731,-64.830931,"EAST WILLIAMS DELIGHT GU","ROUTE 66","MELVIN H. EVANS HIGHWAY","1985"],["STX6620",17.706575,-64.787681,"UNNAMED GUT","ROUTE 66","MELVIN H. EVANS HIGHWAY","1990"],["STX6621",17.706686,-64.787214,"UNNAMED GUT","ROUTE 66","MELVIN H. EVANS HIGHWAY","1990"],["STX66905",17.711881,-64.800094,"UNNAMED GUT","ROUTE 669","INDUSTRIAL ROAD","1990"],["STX6991",17.724517,-64.803747,"CASTLE BURK GUT","ROUTE 669","ROUTE 669","1910"],["STX7020",17.719483,-64.803067,"UNNAMED GUT","ROUTE 70","CENTERLINE ROAD","1910"],["STX7025",17.723572,-64.789658,"UNNAMED GUT","ROUTE 70","CENTERLINE ROAD","1970"],["STX702505",17.716378,-64.883181,"UNNAMED CREEK","ROUTE 7025","0.15 MILES FROM HIGHWAY 6","1927"],["STX7215",17.739078,-64.798275,"UNNAMED GUT","ROUTE 72","MIDLAND ROAD","1920"],["STX7310",17.751406,-64.787792,"UNNAMED GUT","ROUTE 73","HIGHWAY 73","2006"],["STX73205",17.753956,-64.779389,"UNNAMED GUT","ROUTE 732","WINDSOR ROAD","2006"],["STX7520",17.699436,-64.756333,"UNNAMED GUT","ROUTE 75","2.4 MILES FROM HWY 66","2001"],["STX8001",17.758781,-64.765072,"UNNAMED CREEK","ROUTE 80","NORTHSHORE ROAD","1990"],["STX8205",17.745164,-64.68615,"PEARL B. LARESEN GUT","ROUTE 82 EAST END","ROUTE 82","1985"]],"idx":{"HESS CULVERT":0,"SPRING GUT":1,"STT003":2,"STT005":3,"STT007":4,"STX0001":5,"STX6405":6,"STX6410":7,"STX65205":8,"STX6610":9,"STX6611":10,"STX6620":11,"STX6621":12,"STX66905":13,"STX6991":14,"STX7020":15,"STX7025":16,"STX702505":17,"STX7215":18,"STX7310":19,"STX73205":20,"STX7520":21,"STX8001":22,"STX8205":23}}